artifact,suite,variant,dataset,task,seed,dimension,heads,layers,samples,epochs,best_val_accuracy_pct,best_epoch,final_train_accuracy_pct,final_val_accuracy_pct,final_generalization_gap_pct,inference_ms_recorded,memory_rank_ratio,output_rank_ratio,device
results/runs/associative-recall/20260612-121900-d512-6k.json,associative-recall,hybrid,recall,recall,7,512,8,3,6000,15,11.8333,14,97.2333,11.6667,85.5666,17493.6085,0.267349,1.000000,cuda
results/runs/associative-recall/20260612-122429-d128-20k.json,associative-recall,hybrid,recall,recall,7,128,2,3,20000,15,14.7,9,28.58,14.45,14.13,4374.2368,0.272481,1.000000,cuda
results/runs/associative-recall/20260612-122740-d512-20k.json,associative-recall,hybrid,recall,recall,7,512,8,3,20000,15,14.45,9,87.875,13.675,74.2,18284.5816,0.258331,1.000000,cuda
results/runs/associative-recall/20260612-123957-d512-60k.json,associative-recall,hybrid,recall,recall,7,512,8,3,60000,15,15.1,4,72.6783,14.7,57.9783,18534.0224,0.265447,1.000000,cuda
results/runs/cifar10/hybrid-d64-10k-30ep-matched-baselines.json,cifar10,hybrid,cifar-10,image,7,64,4,2,10000,30,52.7,29,53.1,51.95,1.15,1333.0356,0.997803,1.000000,cuda
results/runs/cifar10/hybrid-d64-10k-30ep-matched-baselines.json#baseline=linear,cifar10,linear,cifar-10,image,7,64,4,2,10000,30,51.8,30,50.01,51.8,-1.79,661.718,0.999186,0.840088,cuda
results/runs/cifar10/hybrid-d64-10k-30ep-matched-baselines.json#baseline=softmax,cifar10,softmax,cifar-10,image,7,64,4,2,10000,30,53.75,28,53.52,52.5,1.02,636.4611,,0.998291,cuda
results/runs/cifar10/hybrid-d64-1400-30ep.json,cifar10,hybrid,cifar-10,cifar-10,7,64,4,2,1400,30,41.7857,20,47.2143,40.7143,6.5,232.3477,0.998413,1.000000,cpu
results/runs/cifar10/hybrid-d64-2500-30ep-patch4.json,cifar10,hybrid,cifar-10,cifar-10,7,64,4,2,2500,30,43.4,24,41.44,41.6,-0.16,82.0589,0.992432,1.000000,cpu
results/runs/cifar10/hybrid-d64-500-30ep.json,cifar10,hybrid,cifar-10,cifar-10,7,64,4,2,500,30,32.5,29,48.0,30.0,18.0,201.1613,0.995117,1.000000,cpu
results/runs/cifar10/hybrid-d64-5k-30ep-patch4.json,cifar10,hybrid,cifar-10,cifar-10,7,64,4,2,5000,30,50.0,30,47.9,50.0,-2.1,83.8481,0.995239,1.000000,cpu
results/runs/cifar10/hybrid-d96-2k-8ep.json,cifar10,hybrid,cifar-10,cifar-10,7,96,4,2,2000,8,33.5,7,29.7,30.5,-0.8,481.1875,0.977214,1.000000,cpu
results/runs/cifar10/rala-10k-10ep.json,cifar10,rala,cifar-10,cifar-10,7,64,4,2,10000,10,47.9,6,56.18,47.6,8.58,268.7155,0.999593,1.000000,cpu
results/runs/cifar10/rala-10k-10ep.json#baseline=linear,cifar10,linear,cifar-10,cifar-10,7,64,4,2,10000,10,47.65,9,49.53,45.7,3.83,263.9163,0.999959,0.935262,cpu
results/runs/cifar10/rala-10k-10ep.json#baseline=softmax,cifar10,softmax,cifar-10,cifar-10,7,64,4,2,10000,10,50.1,9,56.04,49.0,7.04,430.4935,,0.996175,cpu
results/runs/cifar10/rala-10k-20ep.json,cifar10,rala,cifar-10,cifar-10,7,64,4,2,10000,20,48.6,19,72.66,47.95,24.71,298.0266,0.998820,1.000000,cpu
results/runs/cifar10/rala-10k-20ep.json#baseline=linear,cifar10,linear,cifar-10,cifar-10,7,64,4,2,10000,20,52.6,20,60.3,52.6,7.7,290.5641,1.000000,0.959269,cpu
results/runs/cifar10/rala-10k-20ep.json#baseline=softmax,cifar10,softmax,cifar-10,cifar-10,7,64,4,2,10000,20,50.15,16,71.01,49.95,21.06,425.7618,,0.994141,cpu
results/runs/cifar10/rala-10k-3ep.json,cifar10,rala,cifar-10,cifar-10,7,64,4,2,10000,3,39.95,3,38.9,39.95,-1.05,295.2235,0.999878,1.000000,cpu
results/runs/cifar10/rala-10k-3ep.json#baseline=linear,cifar10,linear,cifar-10,cifar-10,7,64,4,2,10000,3,34.6,3,33.15,34.6,-1.45,244.7646,0.999919,0.810791,cpu
results/runs/cifar10/rala-10k-3ep.json#baseline=softmax,cifar10,softmax,cifar-10,cifar-10,7,64,4,2,10000,3,36.2,3,35.35,36.2,-0.85,435.267,,0.964966,cpu
results/runs/cifar10-scaling/20260612-061300-d512-l7-h32.json,cifar10-scaling,hybrid,cifar-10,image,7,512,32,7,60000,30,41.12,5,30.498,30.52,-0.022,3913.499,0.597977,0.846461,cuda
results/runs/cifar10-scaling/20260612-061300-d512-l7-h32.json#baseline=linear,cifar10-scaling,linear,cifar-10,image,7,512,32,7,60000,30,58.05,30,60.118,58.05,2.068,3450.1654,0.886617,0.505463,cuda
results/runs/cifar10-scaling/20260612-061300-d512-l7-h32.json#baseline=rala,cifar10-scaling,rala,cifar-10,image,7,512,32,7,60000,30,50.44,30,48.366,50.44,-2.074,199.7143,0.395706,0.998810,cuda
results/runs/cifar10-scaling/20260612-061300-d512-l7-h32.json#baseline=softmax,cifar10-scaling,softmax,cifar-10,image,7,512,32,7,60000,30,57.68,28,58.462,57.39,1.072,138.1935,,0.161443,cuda
results/runs/cifar10-scaling/20260612-074009-d512-l7-h8.json,cifar10-scaling,hybrid,cifar-10,image,7,512,8,7,60000,30,41.2,30,37.528,41.2,-3.672,14703.7173,0.570119,1.000000,cuda
results/runs/cifar10-scaling/20260612-100954-d512-l7-h8.json,cifar10-scaling,hybrid,cifar-10,image,7,512,8,7,60000,30,46.09,9,35.406,38.52,-3.114,23674.8245,0.329025,1.000000,cuda
results/runs/cifar10-scaling/20260612-113331-d512-l7-h8-15ep.json,cifar10-scaling,hybrid,cifar-10,image,7,512,8,7,60000,15,46.09,9,43.1,45.58,-2.48,23924.1951,0.264608,1.000000,cuda
results/runs/cifar10-scaling/20260612-114704-d512-l7-22k.json,cifar10-scaling,hybrid,cifar-10,image,7,512,8,7,22200,15,45.6982,12,43.3784,43.4234,-0.045,25303.1475,0.092326,1.000000,cuda
results/runs/cifar10-scaling/20260612-120006-d512-l3-4300.json,cifar10-scaling,hybrid,cifar-10,image,7,512,8,3,4300,30,44.7674,28,43.5349,44.186,-0.6511,18968.0283,0.044795,0.999919,cuda
